CREATE TABLE CUSTOMER(
                      CUST_NO CHAR(6) PRIMARY KEY,
                      CUST_NAME VARCHAR(25),
                      PLACE CHAR(20)
                      );
                      
CREATE TABLE ACCOUNT(
                      ACC_NO CHAR(5) PRIMARY KEY,
                      CUST_NO CHAR(25),
                      ACC_TYPE CHAR(15),
                      BALANCE NUMBER(10,2),
                      BRANCH_NO CHAR(5)
                    );
CREATE TABLE BRANCH(
                    BRANCH_NO CHAR(5) PRIMARY KEY,
                    PLACE CHAR(20)
                    );
                             
INSERT INTO BRANCH VALUES('B001','KOCHI');
INSERT INTO BRANCH VALUES('B002','KOTTAKKAL');
INSERT INTO BRANCH VALUES('B003','MALAPPURAM');
INSERT INTO BRANCH VALUES('B004','CALICUT');

INSERT INTO CUSTOMER VALUES('C001','FAIZAL','KOTTAKKAL');
INSERT INTO CUSTOMER VALUES('C002','JUNAID','CALICUT');
INSERT INTO CUSTOMER VALUES('C003','JIFRI','VALANCHERY');
INSERT INTO CUSTOMER VALUES('C004','AKSHAY','KUTTIPPURAM');
INSERT INTO CUSTOMER VALUES('C005','GOPAL','KOCHI');

INSERT INTO ACCOUNT VALUES('A001','C001','SAVING',9500,'B001');
INSERT INTO ACCOUNT VALUES('A002','C002','SAVING',60000,'B003');
INSERT INTO ACCOUNT VALUES('A003','C001','FIXED',25000,'B002');
INSERT INTO ACCOUNT VALUES('A004','C003','CURRENT',8000,'B001');
INSERT INTO ACCOUNT VALUES('A005','C004','CURRENT',100000,'B004');
INSERT INTO ACCOUNT VALUES('A006','C005','CURRENT',50000,'B001');

SELECT CUST_NAME FROM CUSTOMER WHERE CUST_NO IN (SELECT CUST_NO FROM ACCOUNT WHERE BALANCE>10000);
SELECT CUST_NAME,PLACE FROM CUSTOMER WHERE PLACE IN (SELECT PLACE FROM BRANCH);
SELECT CUST_NAME FROM CUSTOMER WHERE CUST_NO IN (SELECT CUST_NO FROM ACCOUNT WHERE ACC_TYPE = 'SAVING');
SELECT BALANCE FROM ACCOUNT WHERE ACC_TYPE = 'CURRENT' AND BRANCH_NO = 'B001';
SELECT CUST_NO FROM ACCOUNT WHERE ACC_TYPE = 'SAVING' AND CUST_NO IN(SELECT CUST_NO FROM ACCOUNT WHERE ACC_TYPE = 'FIXED');




SELECT * FROM CUSTOMER;
DROP TABLE CUSTOMER;
SELECT * FROM ACCOUNT;
DROP TABLE ACCOUNT;
SELECT * FROM BRANCH;
DROP TABLE BRANCH;

                      FOREIGN KEY (CUST_NO) REFERENCES CUSTOMER(CUST_NO),
                      FOREIGN KEY (BRANCH_NO) REFERENCES BRANCH(BRANCH_NO)